tx1_mode,tx2_mode,tx1_phase,tx2_phase,v_rx_volts,total_phase
0,0,0,0,0.0509496576762785,135.05429876219424
0,1,0,10,0.04942076901936397,135.05429876219424
0,2,0,20,0.04942076901936397,135.05429876219424
0,3,0,30,0.04942076901936397,135.05429876219424
0,4,0,40,0.04942076901936397,135.05429876219424
0,5,0,50,0.04942076901936397,135.05429876219424
0,6,0,60,0.04942076901936397,135.05429876219424
0,7,0,70,0.04942076901936397,135.05429876219424
0,8,0,80,0.04942076901936397,135.05429876219424
0,9,0,90,0.04942076901936397,135.05429876219424
0,10,0,100,0.04942076901936397,135.05429876219424
0,11,0,110,0.04942076901936397,135.05429876219424
0,12,0,120,0.04942076901936397,135.05429876219424
0,13,0,130,0.04942076901936397,135.05429876219424
0,14,0,140,0.04942076901936397,135.05429876219424
0,15,0,150,0.04942076901936397,135.05429876219424
0,16,0,160,0.04942076901936397,135.05429876219424
0,17,0,170,0.04942076901936397,135.05429876219424
0,18,0,180,0.04942076901936397,135.05429876219424
0,19,0,190,0.04942076901936397,135.05429876219424
0,20,0,200,0.04942076901936397,135.05429876219424
0,21,0,210,0.04942076901936397,135.05429876219424
0,22,0,220,0.04942076901936397,135.05429876219424
0,23,0,230,0.04942076901936397,135.05429876219424
0,24,0,240,0.04942076901936397,135.05429876219424
0,25,0,250,0.04942076901936397,135.05429876219424
0,26,0,260,0.04942076901936397,135.05429876219424
0,27,0,270,0.04942076901936397,135.05429876219424
0,28,0,280,0.04942076901936397,135.05429876219424
0,29,0,290,0.04942076901936397,135.05429876219424
0,30,0,300,0.04942076901936397,135.05429876219424
0,31,0,310,0.04942076901936397,135.05429876219424
0,32,0,320,0.04942076901936397,135.05429876219424
0,33,0,330,0.04942076901936397,135.05429876219424
0,34,0,340,0.04942076901936397,135.05429876219424
0,35,0,350,0.04942076901936397,135.05429876219424
1,0,10,0,0.05380663437722103,135.05429876219424
1,1,10,10,0.052268371619153625,135.05429876219424
1,2,10,20,0.052268371619153625,135.05429876219424
1,3,10,30,0.052268371619153625,135.05429876219424
1,4,10,40,0.052268371619153625,135.05429876219424
1,5,10,50,0.052268371619153625,135.05429876219424
1,6,10,60,0.052268371619153625,135.05429876219424
1,7,10,70,0.052268371619153625,135.05429876219424
1,8,10,80,0.052268371619153625,135.05429876219424
1,9,10,90,0.052268371619153625,135.05429876219424
1,10,10,100,0.052268371619153625,135.05429876219424
1,11,10,110,0.052268371619153625,135.05429876219424
1,12,10,120,0.052268371619153625,135.05429876219424
1,13,10,130,0.052268371619153625,135.05429876219424
1,14,10,140,0.052268371619153625,135.05429876219424
1,15,10,150,0.052268371619153625,135.05429876219424
1,16,10,160,0.052268371619153625,135.05429876219424
1,17,10,170,0.052268371619153625,135.05429876219424
1,18,10,180,0.052268371619153625,135.05429876219424
1,19,10,190,0.052268371619153625,135.05429876219424
1,20,10,200,0.052268371619153625,135.05429876219424
1,21,10,210,0.052268371619153625,135.05429876219424
1,22,10,220,0.052268371619153625,135.05429876219424
1,23,10,230,0.052268371619153625,135.05429876219424
1,24,10,240,0.052268371619153625,135.05429876219424
1,25,10,250,0.052268371619153625,135.05429876219424
1,26,10,260,0.052268371619153625,135.05429876219424
1,27,10,270,0.052268371619153625,135.05429876219424
1,28,10,280,0.052268371619153625,135.05429876219424
1,29,10,290,0.052268371619153625,135.05429876219424
1,30,10,300,0.052268371619153625,135.05429876219424
1,31,10,310,0.052268371619153625,135.05429876219424
1,32,10,320,0.052268371619153625,135.05429876219424
1,33,10,330,0.052268371619153625,135.05429876219424
1,34,10,340,0.052268371619153625,135.05429876219424
1,35,10,350,0.052268371619153625,135.05429876219424
2,0,20,0,0.05405532879157962,135.05429876219424
2,1,20,10,0.05254599113475392,135.05429876219424
2,2,20,20,0.05254599113475392,135.05429876219424
2,3,20,30,0.05254599113475392,135.05429876219424
2,4,20,40,0.05254599113475392,135.05429876219424
2,5,20,50,0.05254599113475392,135.05429876219424
2,6,20,60,0.05254599113475392,135.05429876219424
2,7,20,70,0.05254599113475392,135.05429876219424
2,8,20,80,0.05254599113475392,135.05429876219424
2,9,20,90,0.05254599113475392,135.05429876219424
2,10,20,100,0.05254599113475392,135.05429876219424
2,11,20,110,0.05254599113475392,135.05429876219424
2,12,20,120,0.05254599113475392,135.05429876219424
2,13,20,130,0.05254599113475392,135.05429876219424
2,14,20,140,0.05254599113475392,135.05429876219424
2,15,20,150,0.05254599113475392,135.05429876219424
2,16,20,160,0.05254599113475392,135.05429876219424
2,17,20,170,0.05254599113475392,135.05429876219424
2,18,20,180,0.05254599113475392,135.05429876219424
2,19,20,190,0.05254599113475392,135.05429876219424
2,20,20,200,0.05254599113475392,135.05429876219424
2,21,20,210,0.05254599113475392,135.05429876219424
2,22,20,220,0.05254599113475392,135.05429876219424
2,23,20,230,0.05254599113475392,135.05429876219424
2,24,20,240,0.05254599113475392,135.05429876219424
2,25,20,250,0.05254599113475392,135.05429876219424
2,26,20,260,0.05254599113475392,135.05429876219424
2,27,20,270,0.05254599113475392,135.05429876219424
2,28,20,280,0.05254599113475392,135.05429876219424
2,29,20,290,0.05254599113475392,135.05429876219424
2,30,20,300,0.05254599113475392,135.05429876219424
2,31,20,310,0.05254599113475392,135.05429876219424
2,32,20,320,0.05254599113475392,135.05429876219424
2,33,20,330,0.05254599113475392,135.05429876219424
2,34,20,340,0.05254599113475392,135.05429876219424
2,35,20,350,0.05254599113475392,135.05429876219424
3,0,30,0,0.05422042100311105,135.05429876219424
3,1,30,10,0.05273473833918793,135.05429876219424
3,2,30,20,0.05273473833918793,135.05429876219424
3,3,30,30,0.05273473833918793,135.05429876219424
3,4,30,40,0.05273473833918793,135.05429876219424
3,5,30,50,0.05273473833918793,135.05429876219424
3,6,30,60,0.05273473833918793,135.05429876219424
3,7,30,70,0.05273473833918793,135.05429876219424
3,8,30,80,0.05273473833918793,135.05429876219424
3,9,30,90,0.05273473833918793,135.05429876219424
3,10,30,100,0.05273473833918793,135.05429876219424
3,11,30,110,0.05273473833918793,135.05429876219424
3,12,30,120,0.05273473833918793,135.05429876219424
3,13,30,130,0.05273473833918793,135.05429876219424
3,14,30,140,0.05273473833918793,135.05429876219424
3,15,30,150,0.05273473833918793,135.05429876219424
3,16,30,160,0.05273473833918793,135.05429876219424
3,17,30,170,0.05273473833918793,135.05429876219424
3,18,30,180,0.05273473833918793,135.05429876219424
3,19,30,190,0.05273473833918793,135.05429876219424
3,20,30,200,0.05273473833918793,135.05429876219424
3,21,30,210,0.05273473833918793,135.05429876219424
3,22,30,220,0.05273473833918793,135.05429876219424
3,23,30,230,0.05273473833918793,135.05429876219424
3,24,30,240,0.05273473833918793,135.05429876219424
3,25,30,250,0.05273473833918793,135.05429876219424
3,26,30,260,0.05273473833918793,135.05429876219424
3,27,30,270,0.05273473833918793,135.05429876219424
3,28,30,280,0.05273473833918793,135.05429876219424
3,29,30,290,0.05273473833918793,135.05429876219424
3,30,30,300,0.05273473833918793,135.05429876219424
3,31,30,310,0.05273473833918793,135.05429876219424
3,32,30,320,0.05273473833918793,135.05429876219424
3,33,30,330,0.05273473833918793,135.05429876219424
3,34,30,340,0.05273473833918793,135.05429876219424
3,35,30,350,0.05273473833918793,135.05429876219424
4,0,40,0,0.054299189392951634,135.05429876219424
4,1,40,10,0.05283248049549216,135.05429876219424
4,2,40,20,0.05283248049549216,135.05429876219424
4,3,40,30,0.05283248049549216,135.05429876219424
4,4,40,40,0.05283248049549216,135.05429876219424
4,5,40,50,0.05283248049549216,135.05429876219424
4,6,40,60,0.05283248049549216,135.05429876219424
4,7,40,70,0.05283248049549216,135.05429876219424
4,8,40,80,0.05283248049549216,135.05429876219424
4,9,40,90,0.05283248049549216,135.05429876219424
4,10,40,100,0.05283248049549216,135.05429876219424
4,11,40,110,0.05283248049549216,135.05429876219424
4,12,40,120,0.05283248049549216,135.05429876219424
4,13,40,130,0.05283248049549216,135.05429876219424
4,14,40,140,0.05283248049549216,135.05429876219424
4,15,40,150,0.05283248049549216,135.05429876219424
4,16,40,160,0.05283248049549216,135.05429876219424
4,17,40,170,0.05283248049549216,135.05429876219424
4,18,40,180,0.05283248049549216,135.05429876219424
4,19,40,190,0.05283248049549216,135.05429876219424
4,20,40,200,0.05283248049549216,135.05429876219424
4,21,40,210,0.05283248049549216,135.05429876219424
4,22,40,220,0.05283248049549216,135.05429876219424
4,23,40,230,0.05283248049549216,135.05429876219424
4,24,40,240,0.05283248049549216,135.05429876219424
4,25,40,250,0.05283248049549216,135.05429876219424
4,26,40,260,0.05283248049549216,135.05429876219424
4,27,40,270,0.05283248049549216,135.05429876219424
4,28,40,280,0.05283248049549216,135.05429876219424
4,29,40,290,0.05283248049549216,135.05429876219424
4,30,40,300,0.05283248049549216,135.05429876219424
4,31,40,310,0.05283248049549216,135.05429876219424
4,32,40,320,0.05283248049549216,135.05429876219424
4,33,40,330,0.05283248049549216,135.05429876219424
4,34,40,340,0.05283248049549216,135.05429876219424
4,35,40,350,0.05283248049549216,135.05429876219424
5,0,50,0,0.0542903627285825,135.05429876219424
5,1,50,10,0.052838955036070695,135.05429876219424
5,2,50,20,0.052838955036070695,135.05429876219424
5,3,50,30,0.052838955036070695,135.05429876219424
5,4,50,40,0.052838955036070695,135.05429876219424
5,5,50,50,0.052838955036070695,135.05429876219424
5,6,50,60,0.052838955036070695,135.05429876219424
5,7,50,70,0.052838955036070695,135.05429876219424
5,8,50,80,0.052838955036070695,135.05429876219424
5,9,50,90,0.052838955036070695,135.05429876219424
5,10,50,100,0.052838955036070695,135.05429876219424
5,11,50,110,0.052838955036070695,135.05429876219424
5,12,50,120,0.052838955036070695,135.05429876219424
5,13,50,130,0.052838955036070695,135.05429876219424
5,14,50,140,0.052838955036070695,135.05429876219424
5,15,50,150,0.052838955036070695,135.05429876219424
5,16,50,160,0.052838955036070695,135.05429876219424
5,17,50,170,0.052838955036070695,135.05429876219424
5,18,50,180,0.052838955036070695,135.05429876219424
5,19,50,190,0.052838955036070695,135.05429876219424
5,20,50,200,0.052838955036070695,135.05429876219424
5,21,50,210,0.052838955036070695,135.05429876219424
5,22,50,220,0.052838955036070695,135.05429876219424
5,23,50,230,0.052838955036070695,135.05429876219424
5,24,50,240,0.052838955036070695,135.05429876219424
5,25,50,250,0.052838955036070695,135.05429876219424
5,26,50,260,0.052838955036070695,135.05429876219424
5,27,50,270,0.052838955036070695,135.05429876219424
5,28,50,280,0.052838955036070695,135.05429876219424
5,29,50,290,0.052838955036070695,135.05429876219424
5,30,50,300,0.052838955036070695,135.05429876219424
5,31,50,310,0.052838955036070695,135.05429876219424
5,32,50,320,0.052838955036070695,135.05429876219424
5,33,50,330,0.052838955036070695,135.05429876219424
5,34,50,340,0.052838955036070695,135.05429876219424
5,35,50,350,0.052838955036070695,135.05429876219424
6,0,60,0,0.054194084027634995,135.05429876219424
6,1,60,10,0.05275557162255188,135.05429876219424
6,2,60,20,0.05275557162255188,135.05429876219424
6,3,60,30,0.05275557162255188,135.05429876219424
6,4,60,40,0.05275557162255188,135.05429876219424
6,5,60,50,0.05275557162255188,135.05429876219424
6,6,60,60,0.05275557162255188,135.05429876219424
6,7,60,70,0.05275557162255188,135.05429876219424
6,8,60,80,0.05275557162255188,135.05429876219424
6,9,60,90,0.05275557162255188,135.05429876219424
6,10,60,100,0.05275557162255188,135.05429876219424
6,11,60,110,0.05275557162255188,135.05429876219424
6,12,60,120,0.05275557162255188,135.05429876219424
6,13,60,130,0.05275557162255188,135.05429876219424
6,14,60,140,0.05275557162255188,135.05429876219424
6,15,60,150,0.05275557162255188,135.05429876219424
6,16,60,160,0.05275557162255188,135.05429876219424
6,17,60,170,0.05275557162255188,135.05429876219424
6,18,60,180,0.05275557162255188,135.05429876219424
6,19,60,190,0.05275557162255188,135.05429876219424
6,20,60,200,0.05275557162255188,135.05429876219424
6,21,60,210,0.05275557162255188,135.05429876219424
6,22,60,220,0.05275557162255188,135.05429876219424
6,23,60,230,0.05275557162255188,135.05429876219424
6,24,60,240,0.05275557162255188,135.05429876219424
6,25,60,250,0.05275557162255188,135.05429876219424
6,26,60,260,0.05275557162255188,135.05429876219424
6,27,60,270,0.05275557162255188,135.05429876219424
6,28,60,280,0.05275557162255188,135.05429876219424
6,29,60,290,0.05275557162255188,135.05429876219424
6,30,60,300,0.05275557162255188,135.05429876219424
6,31,60,310,0.05275557162255188,135.05429876219424
6,32,60,320,0.05275557162255188,135.05429876219424
6,33,60,330,0.05275557162255188,135.05429876219424
6,34,60,340,0.05275557162255188,135.05429876219424
6,35,60,350,0.05275557162255188,135.05429876219424
7,0,70,0,0.054011914461316896,135.05429876219424
7,1,70,10,0.052585243715155675,135.05429876219424
7,2,70,20,0.052585243715155675,135.05429876219424
7,3,70,30,0.052585243715155675,135.05429876219424
7,4,70,40,0.052585243715155675,135.05429876219424
7,5,70,50,0.052585243715155675,135.05429876219424
7,6,70,60,0.052585243715155675,135.05429876219424
7,7,70,70,0.052585243715155675,135.05429876219424
7,8,70,80,0.052585243715155675,135.05429876219424
7,9,70,90,0.052585243715155675,135.05429876219424
7,10,70,100,0.052585243715155675,135.05429876219424
7,11,70,110,0.052585243715155675,135.05429876219424
7,12,70,120,0.052585243715155675,135.05429876219424
7,13,70,130,0.052585243715155675,135.05429876219424
7,14,70,140,0.052585243715155675,135.05429876219424
7,15,70,150,0.052585243715155675,135.05429876219424
7,16,70,160,0.052585243715155675,135.05429876219424
7,17,70,170,0.052585243715155675,135.05429876219424
7,18,70,180,0.052585243715155675,135.05429876219424
7,19,70,190,0.052585243715155675,135.05429876219424
7,20,70,200,0.052585243715155675,135.05429876219424
7,21,70,210,0.052585243715155675,135.05429876219424
7,22,70,220,0.052585243715155675,135.05429876219424
7,23,70,230,0.052585243715155675,135.05429876219424
7,24,70,240,0.052585243715155675,135.05429876219424
7,25,70,250,0.052585243715155675,135.05429876219424
7,26,70,260,0.052585243715155675,135.05429876219424
7,27,70,270,0.052585243715155675,135.05429876219424
7,28,70,280,0.052585243715155675,135.05429876219424
7,29,70,290,0.052585243715155675,135.05429876219424
7,30,70,300,0.052585243715155675,135.05429876219424
7,31,70,310,0.052585243715155675,135.05429876219424
7,32,70,320,0.052585243715155675,135.05429876219424
7,33,70,330,0.052585243715155675,135.05429876219424
7,34,70,340,0.052585243715155675,135.05429876219424
7,35,70,350,0.052585243715155675,135.05429876219424
8,0,80,0,0.05374687722685744,135.05429876219424
8,1,80,10,0.05233225913884593,135.05429876219424
8,2,80,20,0.05233225913884593,135.05429876219424
8,3,80,30,0.05233225913884593,135.05429876219424
8,4,80,40,0.05233225913884593,135.05429876219424
8,5,80,50,0.05233225913884593,135.05429876219424
8,6,80,60,0.05233225913884593,135.05429876219424
8,7,80,70,0.05233225913884593,135.05429876219424
8,8,80,80,0.05233225913884593,135.05429876219424
8,9,80,90,0.05233225913884593,135.05429876219424
8,10,80,100,0.05233225913884593,135.05429876219424
8,11,80,110,0.05233225913884593,135.05429876219424
8,12,80,120,0.05233225913884593,135.05429876219424
8,13,80,130,0.05233225913884593,135.05429876219424
8,14,80,140,0.05233225913884593,135.05429876219424
8,15,80,150,0.05233225913884593,135.05429876219424
8,16,80,160,0.05233225913884593,135.05429876219424
8,17,80,170,0.05233225913884593,135.05429876219424
8,18,80,180,0.05233225913884593,135.05429876219424
8,19,80,190,0.05233225913884593,135.05429876219424
8,20,80,200,0.05233225913884593,135.05429876219424
8,21,80,210,0.05233225913884593,135.05429876219424
8,22,80,220,0.05233225913884593,135.05429876219424
8,23,80,230,0.05233225913884593,135.05429876219424
8,24,80,240,0.05233225913884593,135.05429876219424
8,25,80,250,0.05233225913884593,135.05429876219424
8,26,80,260,0.05233225913884593,135.05429876219424
8,27,80,270,0.05233225913884593,135.05429876219424
8,28,80,280,0.05233225913884593,135.05429876219424
8,29,80,290,0.05233225913884593,135.05429876219424
8,30,80,300,0.05233225913884593,135.05429876219424
8,31,80,310,0.05233225913884593,135.05429876219424
8,32,80,320,0.05233225913884593,135.05429876219424
8,33,80,330,0.05233225913884593,135.05429876219424
8,34,80,340,0.05233225913884593,135.05429876219424
8,35,80,350,0.05233225913884593,135.05429876219424
9,0,90,0,0.05340354041506509,135.05429876219424
9,1,90,10,0.05200219731086172,135.05429876219424
9,2,90,20,0.05200219731086172,135.05429876219424
9,3,90,30,0.05200219731086172,135.05429876219424
9,4,90,40,0.05200219731086172,135.05429876219424
9,5,90,50,0.05200219731086172,135.05429876219424
9,6,90,60,0.05200219731086172,135.05429876219424
9,7,90,70,0.05200219731086172,135.05429876219424
9,8,90,80,0.05200219731086172,135.05429876219424
9,9,90,90,0.05200219731086172,135.05429876219424
9,10,90,100,0.05200219731086172,135.05429876219424
9,11,90,110,0.05200219731086172,135.05429876219424
9,12,90,120,0.05200219731086172,135.05429876219424
9,13,90,130,0.05200219731086172,135.05429876219424
9,14,90,140,0.05200219731086172,135.05429876219424
9,15,90,150,0.05200219731086172,135.05429876219424
9,16,90,160,0.05200219731086172,135.05429876219424
9,17,90,170,0.05200219731086172,135.05429876219424
9,18,90,180,0.05200219731086172,135.05429876219424
9,19,90,190,0.05200219731086172,135.05429876219424
9,20,90,200,0.05200219731086172,135.05429876219424
9,21,90,210,0.05200219731086172,135.05429876219424
9,22,90,220,0.05200219731086172,135.05429876219424
9,23,90,230,0.05200219731086172,135.05429876219424
9,24,90,240,0.05200219731086172,135.05429876219424
9,25,90,250,0.05200219731086172,135.05429876219424
9,26,90,260,0.05200219731086172,135.05429876219424
9,27,90,270,0.05200219731086172,135.05429876219424
9,28,90,280,0.05200219731086172,135.05429876219424
9,29,90,290,0.05200219731086172,135.05429876219424
9,30,90,300,0.05200219731086172,135.05429876219424
9,31,90,310,0.05200219731086172,135.05429876219424
9,32,90,320,0.05200219731086172,135.05429876219424
9,33,90,330,0.05200219731086172,135.05429876219424
9,34,90,340,0.05200219731086172,135.05429876219424
9,35,90,350,0.05200219731086172,135.05429876219424
10,0,100,0,0.05298813626614219,135.05429876219424
10,1,100,10,0.05160189855615808,135.05429876219424
10,2,100,20,0.05160189855615808,135.05429876219424
10,3,100,30,0.05160189855615808,135.05429876219424
10,4,100,40,0.05160189855615808,135.05429876219424
10,5,100,50,0.05160189855615808,135.05429876219424
10,6,100,60,0.05160189855615808,135.05429876219424
10,7,100,70,0.05160189855615808,135.05429876219424
10,8,100,80,0.05160189855615808,135.05429876219424
10,9,100,90,0.05160189855615808,135.05429876219424
10,10,100,100,0.05160189855615808,135.05429876219424
10,11,100,110,0.05160189855615808,135.05429876219424
10,12,100,120,0.05160189855615808,135.05429876219424
10,13,100,130,0.05160189855615808,135.05429876219424
10,14,100,140,0.05160189855615808,135.05429876219424
10,15,100,150,0.05160189855615808,135.05429876219424
10,16,100,160,0.05160189855615808,135.05429876219424
10,17,100,170,0.05160189855615808,135.05429876219424
10,18,100,180,0.05160189855615808,135.05429876219424
10,19,100,190,0.05160189855615808,135.05429876219424
10,20,100,200,0.05160189855615808,135.05429876219424
10,21,100,210,0.05160189855615808,135.05429876219424
10,22,100,220,0.05160189855615808,135.05429876219424
10,23,100,230,0.05160189855615808,135.05429876219424
10,24,100,240,0.05160189855615808,135.05429876219424
10,25,100,250,0.05160189855615808,135.05429876219424
10,26,100,260,0.05160189855615808,135.05429876219424
10,27,100,270,0.05160189855615808,135.05429876219424
10,28,100,280,0.05160189855615808,135.05429876219424
10,29,100,290,0.05160189855615808,135.05429876219424
10,30,100,300,0.05160189855615808,135.05429876219424
10,31,100,310,0.05160189855615808,135.05429876219424
10,32,100,320,0.05160189855615808,135.05429876219424
10,33,100,330,0.05160189855615808,135.05429876219424
10,34,100,340,0.05160189855615808,135.05429876219424
10,35,100,350,0.05160189855615808,135.05429876219424
11,0,110,0,0.052508711082348794,135.05429876219424
11,1,110,10,0.05113948789068458,135.05429876219424
11,2,110,20,0.05113948789068458,135.05429876219424
11,3,110,30,0.05113948789068458,135.05429876219424
11,4,110,40,0.05113948789068458,135.05429876219424
11,5,110,50,0.05113948789068458,135.05429876219424
11,6,110,60,0.05113948789068458,135.05429876219424
11,7,110,70,0.05113948789068458,135.05429876219424
11,8,110,80,0.05113948789068458,135.05429876219424
11,9,110,90,0.05113948789068458,135.05429876219424
11,10,110,100,0.05113948789068458,135.05429876219424
11,11,110,110,0.05113948789068458,135.05429876219424
11,12,110,120,0.05113948789068458,135.05429876219424
11,13,110,130,0.05113948789068458,135.05429876219424
11,14,110,140,0.05113948789068458,135.05429876219424
11,15,110,150,0.05113948789068458,135.05429876219424
11,16,110,160,0.05113948789068458,135.05429876219424
11,17,110,170,0.05113948789068458,135.05429876219424
11,18,110,180,0.05113948789068458,135.05429876219424
11,19,110,190,0.05113948789068458,135.05429876219424
11,20,110,200,0.05113948789068458,135.05429876219424
11,21,110,210,0.05113948789068458,135.05429876219424
11,22,110,220,0.05113948789068458,135.05429876219424
11,23,110,230,0.05113948789068458,135.05429876219424
11,24,110,240,0.05113948789068458,135.05429876219424
11,25,110,250,0.05113948789068458,135.05429876219424
11,26,110,260,0.05113948789068458,135.05429876219424
11,27,110,270,0.05113948789068458,135.05429876219424
11,28,110,280,0.05113948789068458,135.05429876219424
11,29,110,290,0.05113948789068458,135.05429876219424
11,30,110,300,0.05113948789068458,135.05429876219424
11,31,110,310,0.05113948789068458,135.05429876219424
11,32,110,320,0.05113948789068458,135.05429876219424
11,33,110,330,0.05113948789068458,135.05429876219424
11,34,110,340,0.05113948789068458,135.05429876219424
11,35,110,350,0.05113948789068458,135.05429876219424
12,0,120,0,0.05197529454028766,135.05429876219424
12,1,120,10,0.05062445125789006,135.05429876219424
12,2,120,20,0.05062445125789006,135.05429876219424
12,3,120,30,0.05062445125789006,135.05429876219424
12,4,120,40,0.05062445125789006,135.05429876219424
12,5,120,50,0.05062445125789006,135.05429876219424
12,6,120,60,0.05062445125789006,135.05429876219424
12,7,120,70,0.05062445125789006,135.05429876219424
12,8,120,80,0.05062445125789006,135.05429876219424
12,9,120,90,0.05062445125789006,135.05429876219424
12,10,120,100,0.05062445125789006,135.05429876219424
12,11,120,110,0.05062445125789006,135.05429876219424
12,12,120,120,0.05062445125789006,135.05429876219424
12,13,120,130,0.05062445125789006,135.05429876219424
12,14,120,140,0.05062445125789006,135.05429876219424
12,15,120,150,0.05062445125789006,135.05429876219424
12,16,120,160,0.05062445125789006,135.05429876219424
12,17,120,170,0.05062445125789006,135.05429876219424
12,18,120,180,0.05062445125789006,135.05429876219424
12,19,120,190,0.05062445125789006,135.05429876219424
12,20,120,200,0.05062445125789006,135.05429876219424
12,21,120,210,0.05062445125789006,135.05429876219424
12,22,120,220,0.05062445125789006,135.05429876219424
12,23,120,230,0.05062445125789006,135.05429876219424
12,24,120,240,0.05062445125789006,135.05429876219424
12,25,120,250,0.05062445125789006,135.05429876219424
12,26,120,260,0.05062445125789006,135.05429876219424
12,27,120,270,0.05062445125789006,135.05429876219424
12,28,120,280,0.05062445125789006,135.05429876219424
12,29,120,290,0.05062445125789006,135.05429876219424
12,30,120,300,0.05062445125789006,135.05429876219424
12,31,120,310,0.05062445125789006,135.05429876219424
12,32,120,320,0.05062445125789006,135.05429876219424
12,33,120,330,0.05062445125789006,135.05429876219424
12,34,120,340,0.05062445125789006,135.05429876219424
12,35,120,350,0.05062445125789006,135.05429876219424
13,0,130,0,0.051400068207753835,135.05429876219424
13,1,130,10,0.05006775569342295,135.05429876219424
13,2,130,20,0.05006775569342295,135.05429876219424
13,3,130,30,0.05006775569342295,135.05429876219424
13,4,130,40,0.05006775569342295,135.05429876219424
13,5,130,50,0.05006775569342295,135.05429876219424
13,6,130,60,0.05006775569342295,135.05429876219424
13,7,130,70,0.05006775569342295,135.05429876219424
13,8,130,80,0.05006775569342295,135.05429876219424
13,9,130,90,0.05006775569342295,135.05429876219424
13,10,130,100,0.05006775569342295,135.05429876219424
13,11,130,110,0.05006775569342295,135.05429876219424
13,12,130,120,0.05006775569342295,135.05429876219424
13,13,130,130,0.05006775569342295,135.05429876219424
13,14,130,140,0.05006775569342295,135.05429876219424
13,15,130,150,0.05006775569342295,135.05429876219424
13,16,130,160,0.05006775569342295,135.05429876219424
13,17,130,170,0.05006775569342295,135.05429876219424
13,18,130,180,0.05006775569342295,135.05429876219424
13,19,130,190,0.05006775569342295,135.05429876219424
13,20,130,200,0.05006775569342295,135.05429876219424
13,21,130,210,0.05006775569342295,135.05429876219424
13,22,130,220,0.05006775569342295,135.05429876219424
13,23,130,230,0.05006775569342295,135.05429876219424
13,24,130,240,0.05006775569342295,135.05429876219424
13,25,130,250,0.05006775569342295,135.05429876219424
13,26,130,260,0.05006775569342295,135.05429876219424
13,27,130,270,0.05006775569342295,135.05429876219424
13,28,130,280,0.05006775569342295,135.05429876219424
13,29,130,290,0.05006775569342295,135.05429876219424
13,30,130,300,0.05006775569342295,135.05429876219424
13,31,130,310,0.05006775569342295,135.05429876219424
13,32,130,320,0.05006775569342295,135.05429876219424
13,33,130,330,0.05006775569342295,135.05429876219424
13,34,130,340,0.05006775569342295,135.05429876219424
13,35,130,350,0.05006775569342295,135.05429876219424
14,0,140,0,0.050797499863626396,135.05429876219424
14,1,140,10,0.049481995291726005,135.05429876219424
14,2,140,20,0.049481995291726005,135.05429876219424
14,3,140,30,0.049481995291726005,135.05429876219424
14,4,140,40,0.049481995291726005,135.05429876219424
14,5,140,50,0.049481995291726005,135.05429876219424
14,6,140,60,0.049481995291726005,135.05429876219424
14,7,140,70,0.049481995291726005,135.05429876219424
14,8,140,80,0.049481995291726005,135.05429876219424
14,9,140,90,0.049481995291726005,135.05429876219424
14,10,140,100,0.049481995291726005,135.05429876219424
14,11,140,110,0.049481995291726005,135.05429876219424
14,12,140,120,0.049481995291726005,135.05429876219424
14,13,140,130,0.049481995291726005,135.05429876219424
14,14,140,140,0.049481995291726005,135.05429876219424
14,15,140,150,0.049481995291726005,135.05429876219424
14,16,140,160,0.049481995291726005,135.05429876219424
14,17,140,170,0.049481995291726005,135.05429876219424
14,18,140,180,0.049481995291726005,135.05429876219424
14,19,140,190,0.049481995291726005,135.05429876219424
14,20,140,200,0.049481995291726005,135.05429876219424
14,21,140,210,0.049481995291726005,135.05429876219424
14,22,140,220,0.049481995291726005,135.05429876219424
14,23,140,230,0.049481995291726005,135.05429876219424
14,24,140,240,0.049481995291726005,135.05429876219424
14,25,140,250,0.049481995291726005,135.05429876219424
14,26,140,260,0.049481995291726005,135.05429876219424
14,27,140,270,0.049481995291726005,135.05429876219424
14,28,140,280,0.049481995291726005,135.05429876219424
14,29,140,290,0.049481995291726005,135.05429876219424
14,30,140,300,0.049481995291726005,135.05429876219424
14,31,140,310,0.049481995291726005,135.05429876219424
14,32,140,320,0.049481995291726005,135.05429876219424
14,33,140,330,0.049481995291726005,135.05429876219424
14,34,140,340,0.049481995291726005,135.05429876219424
14,35,140,350,0.049481995291726005,135.05429876219424
15,0,150,0,0.05018439267313081,135.05429876219424
15,1,150,10,0.04888153120216119,135.05429876219424
15,2,150,20,0.04888153120216119,135.05429876219424
15,3,150,30,0.04888153120216119,135.05429876219424
15,4,150,40,0.04888153120216119,135.05429876219424
15,5,150,50,0.04888153120216119,135.05429876219424
15,6,150,60,0.04888153120216119,135.05429876219424
15,7,150,70,0.04888153120216119,135.05429876219424
15,8,150,80,0.04888153120216119,135.05429876219424
15,9,150,90,0.04888153120216119,135.05429876219424
15,10,150,100,0.04888153120216119,135.05429876219424
15,11,150,110,0.04888153120216119,135.05429876219424
15,12,150,120,0.04888153120216119,135.05429876219424
15,13,150,130,0.04888153120216119,135.05429876219424
15,14,150,140,0.04888153120216119,135.05429876219424
15,15,150,150,0.04888153120216119,135.05429876219424
15,16,150,160,0.04888153120216119,135.05429876219424
15,17,150,170,0.04888153120216119,135.05429876219424
15,18,150,180,0.04888153120216119,135.05429876219424
15,19,150,190,0.04888153120216119,135.05429876219424
15,20,150,200,0.04888153120216119,135.05429876219424
15,21,150,210,0.04888153120216119,135.05429876219424
15,22,150,220,0.04888153120216119,135.05429876219424
15,23,150,230,0.04888153120216119,135.05429876219424
15,24,150,240,0.04888153120216119,135.05429876219424
15,25,150,250,0.04888153120216119,135.05429876219424
15,26,150,260,0.04888153120216119,135.05429876219424
15,27,150,270,0.04888153120216119,135.05429876219424
15,28,150,280,0.04888153120216119,135.05429876219424
15,29,150,290,0.04888153120216119,135.05429876219424
15,30,150,300,0.04888153120216119,135.05429876219424
15,31,150,310,0.04888153120216119,135.05429876219424
15,32,150,320,0.04888153120216119,135.05429876219424
15,33,150,330,0.04888153120216119,135.05429876219424
15,34,150,340,0.04888153120216119,135.05429876219424
15,35,150,350,0.04888153120216119,135.05429876219424
16,0,160,0,0.0495797782753428,135.05429876219424
16,1,160,10,0.04828257585727003,135.05429876219424
16,2,160,20,0.04828257585727003,135.05429876219424
16,3,160,30,0.04828257585727003,135.05429876219424
16,4,160,40,0.04828257585727003,135.05429876219424
16,5,160,50,0.04828257585727003,135.05429876219424
16,6,160,60,0.04828257585727003,135.05429876219424
16,7,160,70,0.04828257585727003,135.05429876219424
16,8,160,80,0.04828257585727003,135.05429876219424
16,9,160,90,0.04828257585727003,135.05429876219424
16,10,160,100,0.04828257585727003,135.05429876219424
16,11,160,110,0.04828257585727003,135.05429876219424
16,12,160,120,0.04828257585727003,135.05429876219424
16,13,160,130,0.04828257585727003,135.05429876219424
16,14,160,140,0.04828257585727003,135.05429876219424
16,15,160,150,0.04828257585727003,135.05429876219424
16,16,160,160,0.04828257585727003,135.05429876219424
16,17,160,170,0.04828257585727003,135.05429876219424
16,18,160,180,0.04828257585727003,135.05429876219424
16,19,160,190,0.04828257585727003,135.05429876219424
16,20,160,200,0.04828257585727003,135.05429876219424
16,21,160,210,0.04828257585727003,135.05429876219424
16,22,160,220,0.04828257585727003,135.05429876219424
16,23,160,230,0.04828257585727003,135.05429876219424
16,24,160,240,0.04828257585727003,135.05429876219424
16,25,160,250,0.04828257585727003,135.05429876219424
16,26,160,260,0.04828257585727003,135.05429876219424
16,27,160,270,0.04828257585727003,135.05429876219424
16,28,160,280,0.04828257585727003,135.05429876219424
16,29,160,290,0.04828257585727003,135.05429876219424
16,30,160,300,0.04828257585727003,135.05429876219424
16,31,160,310,0.04828257585727003,135.05429876219424
16,32,160,320,0.04828257585727003,135.05429876219424
16,33,160,330,0.04828257585727003,135.05429876219424
16,34,160,340,0.04828257585727003,135.05429876219424
16,35,160,350,0.04828257585727003,135.05429876219424
17,0,170,0,0.04900456592902976,135.05429876219424
17,1,170,10,0.047703150669388336,135.05429876219424
17,2,170,20,0.047703150669388336,135.05429876219424
17,3,170,30,0.047703150669388336,135.05429876219424
17,4,170,40,0.047703150669388336,135.05429876219424
17,5,170,50,0.047703150669388336,135.05429876219424
17,6,170,60,0.047703150669388336,135.05429876219424
17,7,170,70,0.047703150669388336,135.05429876219424
17,8,170,80,0.047703150669388336,135.05429876219424
17,9,170,90,0.047703150669388336,135.05429876219424
17,10,170,100,0.047703150669388336,135.05429876219424
17,11,170,110,0.047703150669388336,135.05429876219424
17,12,170,120,0.047703150669388336,135.05429876219424
17,13,170,130,0.047703150669388336,135.05429876219424
17,14,170,140,0.047703150669388336,135.05429876219424
17,15,170,150,0.047703150669388336,135.05429876219424
17,16,170,160,0.047703150669388336,135.05429876219424
17,17,170,170,0.047703150669388336,135.05429876219424
17,18,170,180,0.047703150669388336,135.05429876219424
17,19,170,190,0.047703150669388336,135.05429876219424
17,20,170,200,0.047703150669388336,135.05429876219424
17,21,170,210,0.047703150669388336,135.05429876219424
17,22,170,220,0.047703150669388336,135.05429876219424
17,23,170,230,0.047703150669388336,135.05429876219424
17,24,170,240,0.047703150669388336,135.05429876219424
17,25,170,250,0.047703150669388336,135.05429876219424
17,26,170,260,0.047703150669388336,135.05429876219424
17,27,170,270,0.047703150669388336,135.05429876219424
17,28,170,280,0.047703150669388336,135.05429876219424
17,29,170,290,0.047703150669388336,135.05429876219424
17,30,170,300,0.047703150669388336,135.05429876219424
17,31,170,310,0.047703150669388336,135.05429876219424
17,32,170,320,0.047703150669388336,135.05429876219424
17,33,170,330,0.047703150669388336,135.05429876219424
17,34,170,340,0.047703150669388336,135.05429876219424
17,35,170,350,0.047703150669388336,135.05429876219424
18,0,180,0,0.04848085672326203,135.05429876219424
18,1,180,10,0.04716282745179342,135.05429876219424
18,2,180,20,0.04716282745179342,135.05429876219424
18,3,180,30,0.04716282745179342,135.05429876219424
18,4,180,40,0.04716282745179342,135.05429876219424
18,5,180,50,0.04716282745179342,135.05429876219424
18,6,180,60,0.04716282745179342,135.05429876219424
18,7,180,70,0.04716282745179342,135.05429876219424
18,8,180,80,0.04716282745179342,135.05429876219424
18,9,180,90,0.04716282745179342,135.05429876219424
18,10,180,100,0.04716282745179342,135.05429876219424
18,11,180,110,0.04716282745179342,135.05429876219424
18,12,180,120,0.04716282745179342,135.05429876219424
18,13,180,130,0.04716282745179342,135.05429876219424
18,14,180,140,0.04716282745179342,135.05429876219424
18,15,180,150,0.04716282745179342,135.05429876219424
18,16,180,160,0.04716282745179342,135.05429876219424
18,17,180,170,0.04716282745179342,135.05429876219424
18,18,180,180,0.04716282745179342,135.05429876219424
18,19,180,190,0.04716282745179342,135.05429876219424
18,20,180,200,0.04716282745179342,135.05429876219424
18,21,180,210,0.04716282745179342,135.05429876219424
18,22,180,220,0.04716282745179342,135.05429876219424
18,23,180,230,0.04716282745179342,135.05429876219424
18,24,180,240,0.04716282745179342,135.05429876219424
18,25,180,250,0.04716282745179342,135.05429876219424
18,26,180,260,0.04716282745179342,135.05429876219424
18,27,180,270,0.04716282745179342,135.05429876219424
18,28,180,280,0.04716282745179342,135.05429876219424
18,29,180,290,0.04716282745179342,135.05429876219424
18,30,180,300,0.04716282745179342,135.05429876219424
18,31,180,310,0.04716282745179342,135.05429876219424
18,32,180,320,0.04716282745179342,135.05429876219424
18,33,180,330,0.04716282745179342,135.05429876219424
18,34,180,340,0.04716282745179342,135.05429876219424
18,35,180,350,0.04716282745179342,135.05429876219424
19,0,190,0,0.048030857815550304,135.05429876219424
19,1,190,10,0.046682156946407156,135.05429876219424
19,2,190,20,0.046682156946407156,135.05429876219424
19,3,190,30,0.046682156946407156,135.05429876219424
19,4,190,40,0.046682156946407156,135.05429876219424
19,5,190,50,0.046682156946407156,135.05429876219424
19,6,190,60,0.046682156946407156,135.05429876219424
19,7,190,70,0.046682156946407156,135.05429876219424
19,8,190,80,0.046682156946407156,135.05429876219424
19,9,190,90,0.046682156946407156,135.05429876219424
19,10,190,100,0.046682156946407156,135.05429876219424
19,11,190,110,0.046682156946407156,135.05429876219424
19,12,190,120,0.046682156946407156,135.05429876219424
19,13,190,130,0.046682156946407156,135.05429876219424
19,14,190,140,0.046682156946407156,135.05429876219424
19,15,190,150,0.046682156946407156,135.05429876219424
19,16,190,160,0.046682156946407156,135.05429876219424
19,17,190,170,0.046682156946407156,135.05429876219424
19,18,190,180,0.046682156946407156,135.05429876219424
19,19,190,190,0.046682156946407156,135.05429876219424
19,20,190,200,0.046682156946407156,135.05429876219424
19,21,190,210,0.046682156946407156,135.05429876219424
19,22,190,220,0.046682156946407156,135.05429876219424
19,23,190,230,0.046682156946407156,135.05429876219424
19,24,190,240,0.046682156946407156,135.05429876219424
19,25,190,250,0.046682156946407156,135.05429876219424
19,26,190,260,0.046682156946407156,135.05429876219424
19,27,190,270,0.046682156946407156,135.05429876219424
19,28,190,280,0.046682156946407156,135.05429876219424
19,29,190,290,0.046682156946407156,135.05429876219424
19,30,190,300,0.046682156946407156,135.05429876219424
19,31,190,310,0.046682156946407156,135.05429876219424
19,32,190,320,0.046682156946407156,135.05429876219424
19,33,190,330,0.046682156946407156,135.05429876219424
19,34,190,340,0.046682156946407156,135.05429876219424
19,35,190,350,0.046682156946407156,135.05429876219424
20,0,200,0,0.04767540123943497,135.05429876219424
20,1,200,10,0.04628170831963948,135.05429876219424
20,2,200,20,0.04628170831963948,135.05429876219424
20,3,200,30,0.04628170831963948,135.05429876219424
20,4,200,40,0.04628170831963948,135.05429876219424
20,5,200,50,0.04628170831963948,135.05429876219424
20,6,200,60,0.04628170831963948,135.05429876219424
20,7,200,70,0.04628170831963948,135.05429876219424
20,8,200,80,0.04628170831963948,135.05429876219424
20,9,200,90,0.04628170831963948,135.05429876219424
20,10,200,100,0.04628170831963948,135.05429876219424
20,11,200,110,0.04628170831963948,135.05429876219424
20,12,200,120,0.04628170831963948,135.05429876219424
20,13,200,130,0.04628170831963948,135.05429876219424
20,14,200,140,0.04628170831963948,135.05429876219424
20,15,200,150,0.04628170831963948,135.05429876219424
20,16,200,160,0.04628170831963948,135.05429876219424
20,17,200,170,0.04628170831963948,135.05429876219424
20,18,200,180,0.04628170831963948,135.05429876219424
20,19,200,190,0.04628170831963948,135.05429876219424
20,20,200,200,0.04628170831963948,135.05429876219424
20,21,200,210,0.04628170831963948,135.05429876219424
20,22,200,220,0.04628170831963948,135.05429876219424
20,23,200,230,0.04628170831963948,135.05429876219424
20,24,200,240,0.04628170831963948,135.05429876219424
20,25,200,250,0.04628170831963948,135.05429876219424
20,26,200,260,0.04628170831963948,135.05429876219424
20,27,200,270,0.04628170831963948,135.05429876219424
20,28,200,280,0.04628170831963948,135.05429876219424
20,29,200,290,0.04628170831963948,135.05429876219424
20,30,200,300,0.04628170831963948,135.05429876219424
20,31,200,310,0.04628170831963948,135.05429876219424
20,32,200,320,0.04628170831963948,135.05429876219424
20,33,200,330,0.04628170831963948,135.05429876219424
20,34,200,340,0.04628170831963948,135.05429876219424
20,35,200,350,0.04628170831963948,135.05429876219424
21,0,210,0,0.047432186635457035,135.05429876219424
21,1,210,10,0.0459807069230614,135.05429876219424
21,2,210,20,0.0459807069230614,135.05429876219424
21,3,210,30,0.0459807069230614,135.05429876219424
21,4,210,40,0.0459807069230614,135.05429876219424
21,5,210,50,0.0459807069230614,135.05429876219424
21,6,210,60,0.0459807069230614,135.05429876219424
21,7,210,70,0.0459807069230614,135.05429876219424
21,8,210,80,0.0459807069230614,135.05429876219424
21,9,210,90,0.0459807069230614,135.05429876219424
21,10,210,100,0.0459807069230614,135.05429876219424
21,11,210,110,0.0459807069230614,135.05429876219424
21,12,210,120,0.0459807069230614,135.05429876219424
21,13,210,130,0.0459807069230614,135.05429876219424
21,14,210,140,0.0459807069230614,135.05429876219424
21,15,210,150,0.0459807069230614,135.05429876219424
21,16,210,160,0.0459807069230614,135.05429876219424
21,17,210,170,0.0459807069230614,135.05429876219424
21,18,210,180,0.0459807069230614,135.05429876219424
21,19,210,190,0.0459807069230614,135.05429876219424
21,20,210,200,0.0459807069230614,135.05429876219424
21,21,210,210,0.0459807069230614,135.05429876219424
21,22,210,220,0.0459807069230614,135.05429876219424
21,23,210,230,0.0459807069230614,135.05429876219424
21,24,210,240,0.0459807069230614,135.05429876219424
21,25,210,250,0.0459807069230614,135.05429876219424
21,26,210,260,0.0459807069230614,135.05429876219424
21,27,210,270,0.0459807069230614,135.05429876219424
21,28,210,280,0.0459807069230614,135.05429876219424
21,29,210,290,0.0459807069230614,135.05429876219424
21,30,210,300,0.0459807069230614,135.05429876219424
21,31,210,310,0.0459807069230614,135.05429876219424
21,32,210,320,0.0459807069230614,135.05429876219424
21,33,210,330,0.0459807069230614,135.05429876219424
21,34,210,340,0.0459807069230614,135.05429876219424
21,35,210,350,0.0459807069230614,135.05429876219424
22,0,220,0,0.047314001372088486,135.05429876219424
22,1,220,10,0.045795368291343765,135.05429876219424
22,2,220,20,0.045795368291343765,135.05429876219424
22,3,220,30,0.045795368291343765,135.05429876219424
22,4,220,40,0.045795368291343765,135.05429876219424
22,5,220,50,0.045795368291343765,135.05429876219424
22,6,220,60,0.045795368291343765,135.05429876219424
22,7,220,70,0.045795368291343765,135.05429876219424
22,8,220,80,0.045795368291343765,135.05429876219424
22,9,220,90,0.045795368291343765,135.05429876219424
22,10,220,100,0.045795368291343765,135.05429876219424
22,11,220,110,0.045795368291343765,135.05429876219424
22,12,220,120,0.045795368291343765,135.05429876219424
22,13,220,130,0.045795368291343765,135.05429876219424
22,14,220,140,0.045795368291343765,135.05429876219424
22,15,220,150,0.045795368291343765,135.05429876219424
22,16,220,160,0.045795368291343765,135.05429876219424
22,17,220,170,0.045795368291343765,135.05429876219424
22,18,220,180,0.045795368291343765,135.05429876219424
22,19,220,190,0.045795368291343765,135.05429876219424
22,20,220,200,0.045795368291343765,135.05429876219424
22,21,220,210,0.045795368291343765,135.05429876219424
22,22,220,220,0.045795368291343765,135.05429876219424
22,23,220,230,0.045795368291343765,135.05429876219424
22,24,220,240,0.045795368291343765,135.05429876219424
22,25,220,250,0.045795368291343765,135.05429876219424
22,26,220,260,0.045795368291343765,135.05429876219424
22,27,220,270,0.045795368291343765,135.05429876219424
22,28,220,280,0.045795368291343765,135.05429876219424
22,29,220,290,0.045795368291343765,135.05429876219424
22,30,220,300,0.045795368291343765,135.05429876219424
22,31,220,310,0.045795368291343765,135.05429876219424
22,32,220,320,0.045795368291343765,135.05429876219424
22,33,220,330,0.045795368291343765,135.05429876219424
22,34,220,340,0.045795368291343765,135.05429876219424
22,35,220,350,0.045795368291343765,135.05429876219424
23,0,230,0,0.047327267799863536,135.05429876219424
23,1,230,10,0.04573716201193009,135.05429876219424
23,2,230,20,0.04573716201193009,135.05429876219424
23,3,230,30,0.04573716201193009,135.05429876219424
23,4,230,40,0.04573716201193009,135.05429876219424
23,5,230,50,0.04573716201193009,135.05429876219424
23,6,230,60,0.04573716201193009,135.05429876219424
23,7,230,70,0.04573716201193009,135.05429876219424
23,8,230,80,0.04573716201193009,135.05429876219424
23,9,230,90,0.04573716201193009,135.05429876219424
23,10,230,100,0.04573716201193009,135.05429876219424
23,11,230,110,0.04573716201193009,135.05429876219424
23,12,230,120,0.04573716201193009,135.05429876219424
23,13,230,130,0.04573716201193009,135.05429876219424
23,14,230,140,0.04573716201193009,135.05429876219424
23,15,230,150,0.04573716201193009,135.05429876219424
23,16,230,160,0.04573716201193009,135.05429876219424
23,17,230,170,0.04573716201193009,135.05429876219424
23,18,230,180,0.04573716201193009,135.05429876219424
23,19,230,190,0.04573716201193009,135.05429876219424
23,20,230,200,0.04573716201193009,135.05429876219424
23,21,230,210,0.04573716201193009,135.05429876219424
23,22,230,220,0.04573716201193009,135.05429876219424
23,23,230,230,0.04573716201193009,135.05429876219424
23,24,230,240,0.04573716201193009,135.05429876219424
23,25,230,250,0.04573716201193009,135.05429876219424
23,26,230,260,0.04573716201193009,135.05429876219424
23,27,230,270,0.04573716201193009,135.05429876219424
23,28,230,280,0.04573716201193009,135.05429876219424
23,29,230,290,0.04573716201193009,135.05429876219424
23,30,230,300,0.04573716201193009,135.05429876219424
23,31,230,310,0.04573716201193009,135.05429876219424
23,32,230,320,0.04573716201193009,135.05429876219424
23,33,230,330,0.04573716201193009,135.05429876219424
23,34,230,340,0.04573716201193009,135.05429876219424
23,35,230,350,0.04573716201193009,135.05429876219424
24,0,240,0,0.047471260177615236,135.05429876219424
24,1,240,10,0.04581134508939052,135.05429876219424
24,2,240,20,0.04581134508939052,135.05429876219424
24,3,240,30,0.04581134508939052,135.05429876219424
24,4,240,40,0.04581134508939052,135.05429876219424
24,5,240,50,0.04581134508939052,135.05429876219424
24,6,240,60,0.04581134508939052,135.05429876219424
24,7,240,70,0.04581134508939052,135.05429876219424
24,8,240,80,0.04581134508939052,135.05429876219424
24,9,240,90,0.04581134508939052,135.05429876219424
24,10,240,100,0.04581134508939052,135.05429876219424
24,11,240,110,0.04581134508939052,135.05429876219424
24,12,240,120,0.04581134508939052,135.05429876219424
24,13,240,130,0.04581134508939052,135.05429876219424
24,14,240,140,0.04581134508939052,135.05429876219424
24,15,240,150,0.04581134508939052,135.05429876219424
24,16,240,160,0.04581134508939052,135.05429876219424
24,17,240,170,0.04581134508939052,135.05429876219424
24,18,240,180,0.04581134508939052,135.05429876219424
24,19,240,190,0.04581134508939052,135.05429876219424
24,20,240,200,0.04581134508939052,135.05429876219424
24,21,240,210,0.04581134508939052,135.05429876219424
24,22,240,220,0.04581134508939052,135.05429876219424
24,23,240,230,0.04581134508939052,135.05429876219424
24,24,240,240,0.04581134508939052,135.05429876219424
24,25,240,250,0.04581134508939052,135.05429876219424
24,26,240,260,0.04581134508939052,135.05429876219424
24,27,240,270,0.04581134508939052,135.05429876219424
24,28,240,280,0.04581134508939052,135.05429876219424
24,29,240,290,0.04581134508939052,135.05429876219424
24,30,240,300,0.04581134508939052,135.05429876219424
24,31,240,310,0.04581134508939052,135.05429876219424
24,32,240,320,0.04581134508939052,135.05429876219424
24,33,240,330,0.04581134508939052,135.05429876219424
24,34,240,340,0.04581134508939052,135.05429876219424
24,35,240,350,0.04581134508939052,135.05429876219424
25,0,250,0,0.04773819474088573,135.05429876219424
25,1,250,10,0.04601611353912891,135.05429876219424
25,2,250,20,0.04601611353912891,135.05429876219424
25,3,250,30,0.04601611353912891,135.05429876219424
25,4,250,40,0.04601611353912891,135.05429876219424
25,5,250,50,0.04601611353912891,135.05429876219424
25,6,250,60,0.04601611353912891,135.05429876219424
25,7,250,70,0.04601611353912891,135.05429876219424
25,8,250,80,0.04601611353912891,135.05429876219424
25,9,250,90,0.04601611353912891,135.05429876219424
25,10,250,100,0.04601611353912891,135.05429876219424
25,11,250,110,0.04601611353912891,135.05429876219424
25,12,250,120,0.04601611353912891,135.05429876219424
25,13,250,130,0.04601611353912891,135.05429876219424
25,14,250,140,0.04601611353912891,135.05429876219424
25,15,250,150,0.04601611353912891,135.05429876219424
25,16,250,160,0.04601611353912891,135.05429876219424
25,17,250,170,0.04601611353912891,135.05429876219424
25,18,250,180,0.04601611353912891,135.05429876219424
25,19,250,190,0.04601611353912891,135.05429876219424
25,20,250,200,0.04601611353912891,135.05429876219424
25,21,250,210,0.04601611353912891,135.05429876219424
25,22,250,220,0.04601611353912891,135.05429876219424
25,23,250,230,0.04601611353912891,135.05429876219424
25,24,250,240,0.04601611353912891,135.05429876219424
25,25,250,250,0.04601611353912891,135.05429876219424
25,26,250,260,0.04601611353912891,135.05429876219424
25,27,250,270,0.04601611353912891,135.05429876219424
25,28,250,280,0.04601611353912891,135.05429876219424
25,29,250,290,0.04601611353912891,135.05429876219424
25,30,250,300,0.04601611353912891,135.05429876219424
25,31,250,310,0.04601611353912891,135.05429876219424
25,32,250,320,0.04601611353912891,135.05429876219424
25,33,250,330,0.04601611353912891,135.05429876219424
25,34,250,340,0.04601611353912891,135.05429876219424
25,35,250,350,0.04601611353912891,135.05429876219424
26,0,260,0,0.048114168883741926,135.05429876219424
26,1,260,10,0.046342598465395624,135.05429876219424
26,2,260,20,0.046342598465395624,135.05429876219424
26,3,260,30,0.046342598465395624,135.05429876219424
26,4,260,40,0.046342598465395624,135.05429876219424
26,5,260,50,0.046342598465395624,135.05429876219424
26,6,260,60,0.046342598465395624,135.05429876219424
26,7,260,70,0.046342598465395624,135.05429876219424
26,8,260,80,0.046342598465395624,135.05429876219424
26,9,260,90,0.046342598465395624,135.05429876219424
26,10,260,100,0.046342598465395624,135.05429876219424
26,11,260,110,0.046342598465395624,135.05429876219424
26,12,260,120,0.046342598465395624,135.05429876219424
26,13,260,130,0.046342598465395624,135.05429876219424
26,14,260,140,0.046342598465395624,135.05429876219424
26,15,260,150,0.046342598465395624,135.05429876219424
26,16,260,160,0.046342598465395624,135.05429876219424
26,17,260,170,0.046342598465395624,135.05429876219424
26,18,260,180,0.046342598465395624,135.05429876219424
26,19,260,190,0.046342598465395624,135.05429876219424
26,20,260,200,0.046342598465395624,135.05429876219424
26,21,260,210,0.046342598465395624,135.05429876219424
26,22,260,220,0.046342598465395624,135.05429876219424
26,23,260,230,0.046342598465395624,135.05429876219424
26,24,260,240,0.046342598465395624,135.05429876219424
26,25,260,250,0.046342598465395624,135.05429876219424
26,26,260,260,0.046342598465395624,135.05429876219424
26,27,260,270,0.046342598465395624,135.05429876219424
26,28,260,280,0.046342598465395624,135.05429876219424
26,29,260,290,0.046342598465395624,135.05429876219424
26,30,260,300,0.046342598465395624,135.05429876219424
26,31,260,310,0.046342598465395624,135.05429876219424
26,32,260,320,0.046342598465395624,135.05429876219424
26,33,260,330,0.046342598465395624,135.05429876219424
26,34,260,340,0.046342598465395624,135.05429876219424
26,35,260,350,0.046342598465395624,135.05429876219424
27,0,270,0,0.04858070870870525,135.05429876219424
27,1,270,10,0.046775714436787276,135.05429876219424
27,2,270,20,0.046775714436787276,135.05429876219424
27,3,270,30,0.046775714436787276,135.05429876219424
27,4,270,40,0.046775714436787276,135.05429876219424
27,5,270,50,0.046775714436787276,135.05429876219424
27,6,270,60,0.046775714436787276,135.05429876219424
27,7,270,70,0.046775714436787276,135.05429876219424
27,8,270,80,0.046775714436787276,135.05429876219424
27,9,270,90,0.046775714436787276,135.05429876219424
27,10,270,100,0.046775714436787276,135.05429876219424
27,11,270,110,0.046775714436787276,135.05429876219424
27,12,270,120,0.046775714436787276,135.05429876219424
27,13,270,130,0.046775714436787276,135.05429876219424
27,14,270,140,0.046775714436787276,135.05429876219424
27,15,270,150,0.046775714436787276,135.05429876219424
27,16,270,160,0.046775714436787276,135.05429876219424
27,17,270,170,0.046775714436787276,135.05429876219424
27,18,270,180,0.046775714436787276,135.05429876219424
27,19,270,190,0.046775714436787276,135.05429876219424
27,20,270,200,0.046775714436787276,135.05429876219424
27,21,270,210,0.046775714436787276,135.05429876219424
27,22,270,220,0.046775714436787276,135.05429876219424
27,23,270,230,0.046775714436787276,135.05429876219424
27,24,270,240,0.046775714436787276,135.05429876219424
27,25,270,250,0.046775714436787276,135.05429876219424
27,26,270,260,0.046775714436787276,135.05429876219424
27,27,270,270,0.046775714436787276,135.05429876219424
27,28,270,280,0.046775714436787276,135.05429876219424
27,29,270,290,0.046775714436787276,135.05429876219424
27,30,270,300,0.046775714436787276,135.05429876219424
27,31,270,310,0.046775714436787276,135.05429876219424
27,32,270,320,0.046775714436787276,135.05429876219424
27,33,270,330,0.046775714436787276,135.05429876219424
27,34,270,340,0.046775714436787276,135.05429876219424
27,35,270,350,0.046775714436787276,135.05429876219424
28,0,280,0,0.04911657042741158,135.05429876219424
28,1,280,10,0.047295648805484335,135.05429876219424
28,2,280,20,0.047295648805484335,135.05429876219424
28,3,280,30,0.047295648805484335,135.05429876219424
28,4,280,40,0.047295648805484335,135.05429876219424
28,5,280,50,0.047295648805484335,135.05429876219424
28,6,280,60,0.047295648805484335,135.05429876219424
28,7,280,70,0.047295648805484335,135.05429876219424
28,8,280,80,0.047295648805484335,135.05429876219424
28,9,280,90,0.047295648805484335,135.05429876219424
28,10,280,100,0.047295648805484335,135.05429876219424
28,11,280,110,0.047295648805484335,135.05429876219424
28,12,280,120,0.047295648805484335,135.05429876219424
28,13,280,130,0.047295648805484335,135.05429876219424
28,14,280,140,0.047295648805484335,135.05429876219424
28,15,280,150,0.047295648805484335,135.05429876219424
28,16,280,160,0.047295648805484335,135.05429876219424
28,17,280,170,0.047295648805484335,135.05429876219424
28,18,280,180,0.047295648805484335,135.05429876219424
28,19,280,190,0.047295648805484335,135.05429876219424
28,20,280,200,0.047295648805484335,135.05429876219424
28,21,280,210,0.047295648805484335,135.05429876219424
28,22,280,220,0.047295648805484335,135.05429876219424
28,23,280,230,0.047295648805484335,135.05429876219424
28,24,280,240,0.047295648805484335,135.05429876219424
28,25,280,250,0.047295648805484335,135.05429876219424
28,26,280,260,0.047295648805484335,135.05429876219424
28,27,280,270,0.047295648805484335,135.05429876219424
28,28,280,280,0.047295648805484335,135.05429876219424
28,29,280,290,0.047295648805484335,135.05429876219424
28,30,280,300,0.047295648805484335,135.05429876219424
28,31,280,310,0.047295648805484335,135.05429876219424
28,32,280,320,0.047295648805484335,135.05429876219424
28,33,280,330,0.047295648805484335,135.05429876219424
28,34,280,340,0.047295648805484335,135.05429876219424
28,35,280,350,0.047295648805484335,135.05429876219424
29,0,290,0,0.0496994586994046,135.05429876219424
29,1,290,10,0.047879655240151676,135.05429876219424
29,2,290,20,0.047879655240151676,135.05429876219424
29,3,290,30,0.047879655240151676,135.05429876219424
29,4,290,40,0.047879655240151676,135.05429876219424
29,5,290,50,0.047879655240151676,135.05429876219424
29,6,290,60,0.047879655240151676,135.05429876219424
29,7,290,70,0.047879655240151676,135.05429876219424
29,8,290,80,0.047879655240151676,135.05429876219424
29,9,290,90,0.047879655240151676,135.05429876219424
29,10,290,100,0.047879655240151676,135.05429876219424
29,11,290,110,0.047879655240151676,135.05429876219424
29,12,290,120,0.047879655240151676,135.05429876219424
29,13,290,130,0.047879655240151676,135.05429876219424
29,14,290,140,0.047879655240151676,135.05429876219424
29,15,290,150,0.047879655240151676,135.05429876219424
29,16,290,160,0.047879655240151676,135.05429876219424
29,17,290,170,0.047879655240151676,135.05429876219424
29,18,290,180,0.047879655240151676,135.05429876219424
29,19,290,190,0.047879655240151676,135.05429876219424
29,20,290,200,0.047879655240151676,135.05429876219424
29,21,290,210,0.047879655240151676,135.05429876219424
29,22,290,220,0.047879655240151676,135.05429876219424
29,23,290,230,0.047879655240151676,135.05429876219424
29,24,290,240,0.047879655240151676,135.05429876219424
29,25,290,250,0.047879655240151676,135.05429876219424
29,26,290,260,0.047879655240151676,135.05429876219424
29,27,290,270,0.047879655240151676,135.05429876219424
29,28,290,280,0.047879655240151676,135.05429876219424
29,29,290,290,0.047879655240151676,135.05429876219424
29,30,290,300,0.047879655240151676,135.05429876219424
29,31,290,310,0.047879655240151676,135.05429876219424
29,32,290,320,0.047879655240151676,135.05429876219424
29,33,290,330,0.047879655240151676,135.05429876219424
29,34,290,340,0.047879655240151676,135.05429876219424
29,35,290,350,0.047879655240151676,135.05429876219424
30,0,300,0,0.050307434360686465,135.05429876219424
30,1,300,10,0.04850381780990107,135.05429876219424
30,2,300,20,0.04850381780990107,135.05429876219424
30,3,300,30,0.04850381780990107,135.05429876219424
30,4,300,40,0.04850381780990107,135.05429876219424
30,5,300,50,0.04850381780990107,135.05429876219424
30,6,300,60,0.04850381780990107,135.05429876219424
30,7,300,70,0.04850381780990107,135.05429876219424
30,8,300,80,0.04850381780990107,135.05429876219424
30,9,300,90,0.04850381780990107,135.05429876219424
30,10,300,100,0.04850381780990107,135.05429876219424
30,11,300,110,0.04850381780990107,135.05429876219424
30,12,300,120,0.04850381780990107,135.05429876219424
30,13,300,130,0.04850381780990107,135.05429876219424
30,14,300,140,0.04850381780990107,135.05429876219424
30,15,300,150,0.04850381780990107,135.05429876219424
30,16,300,160,0.04850381780990107,135.05429876219424
30,17,300,170,0.04850381780990107,135.05429876219424
30,18,300,180,0.04850381780990107,135.05429876219424
30,19,300,190,0.04850381780990107,135.05429876219424
30,20,300,200,0.04850381780990107,135.05429876219424
30,21,300,210,0.04850381780990107,135.05429876219424
30,22,300,220,0.04850381780990107,135.05429876219424
30,23,300,230,0.04850381780990107,135.05429876219424
30,24,300,240,0.04850381780990107,135.05429876219424
30,25,300,250,0.04850381780990107,135.05429876219424
30,26,300,260,0.04850381780990107,135.05429876219424
30,27,300,270,0.04850381780990107,135.05429876219424
30,28,300,280,0.04850381780990107,135.05429876219424
30,29,300,290,0.04850381780990107,135.05429876219424
30,30,300,300,0.04850381780990107,135.05429876219424
30,31,300,310,0.04850381780990107,135.05429876219424
30,32,300,320,0.04850381780990107,135.05429876219424
30,33,300,330,0.04850381780990107,135.05429876219424
30,34,300,340,0.04850381780990107,135.05429876219424
30,35,300,350,0.04850381780990107,135.05429876219424
31,0,310,0,0.0509199179437598,135.05429876219424
31,1,310,10,0.049144549410477634,135.05429876219424
31,2,310,20,0.049144549410477634,135.05429876219424
31,3,310,30,0.049144549410477634,135.05429876219424
31,4,310,40,0.049144549410477634,135.05429876219424
31,5,310,50,0.049144549410477634,135.05429876219424
31,6,310,60,0.049144549410477634,135.05429876219424
31,7,310,70,0.049144549410477634,135.05429876219424
31,8,310,80,0.049144549410477634,135.05429876219424
31,9,310,90,0.049144549410477634,135.05429876219424
31,10,310,100,0.049144549410477634,135.05429876219424
31,11,310,110,0.049144549410477634,135.05429876219424
31,12,310,120,0.049144549410477634,135.05429876219424
31,13,310,130,0.049144549410477634,135.05429876219424
31,14,310,140,0.049144549410477634,135.05429876219424
31,15,310,150,0.049144549410477634,135.05429876219424
31,16,310,160,0.049144549410477634,135.05429876219424
31,17,310,170,0.049144549410477634,135.05429876219424
31,18,310,180,0.049144549410477634,135.05429876219424
31,19,310,190,0.049144549410477634,135.05429876219424
31,20,310,200,0.049144549410477634,135.05429876219424
31,21,310,210,0.049144549410477634,135.05429876219424
31,22,310,220,0.049144549410477634,135.05429876219424
31,23,310,230,0.049144549410477634,135.05429876219424
31,24,310,240,0.049144549410477634,135.05429876219424
31,25,310,250,0.049144549410477634,135.05429876219424
31,26,310,260,0.049144549410477634,135.05429876219424
31,27,310,270,0.049144549410477634,135.05429876219424
31,28,310,280,0.049144549410477634,135.05429876219424
31,29,310,290,0.049144549410477634,135.05429876219424
31,30,310,300,0.049144549410477634,135.05429876219424
31,31,310,310,0.049144549410477634,135.05429876219424
31,32,310,320,0.049144549410477634,135.05429876219424
31,33,310,330,0.049144549410477634,135.05429876219424
31,34,310,340,0.049144549410477634,135.05429876219424
31,35,310,350,0.049144549410477634,135.05429876219424
32,0,320,0,0.05151830218963467,135.05429876219424
32,1,320,10,0.04977971535815224,135.05429876219424
32,2,320,20,0.04977971535815224,135.05429876219424
32,3,320,30,0.04977971535815224,135.05429876219424
32,4,320,40,0.04977971535815224,135.05429876219424
32,5,320,50,0.04977971535815224,135.05429876219424
32,6,320,60,0.04977971535815224,135.05429876219424
32,7,320,70,0.04977971535815224,135.05429876219424
32,8,320,80,0.04977971535815224,135.05429876219424
32,9,320,90,0.04977971535815224,135.05429876219424
32,10,320,100,0.04977971535815224,135.05429876219424
32,11,320,110,0.04977971535815224,135.05429876219424
32,12,320,120,0.04977971535815224,135.05429876219424
32,13,320,130,0.04977971535815224,135.05429876219424
32,14,320,140,0.04977971535815224,135.05429876219424
32,15,320,150,0.04977971535815224,135.05429876219424
32,16,320,160,0.04977971535815224,135.05429876219424
32,17,320,170,0.04977971535815224,135.05429876219424
32,18,320,180,0.04977971535815224,135.05429876219424
32,19,320,190,0.04977971535815224,135.05429876219424
32,20,320,200,0.04977971535815224,135.05429876219424
32,21,320,210,0.04977971535815224,135.05429876219424
32,22,320,220,0.04977971535815224,135.05429876219424
32,23,320,230,0.04977971535815224,135.05429876219424
32,24,320,240,0.04977971535815224,135.05429876219424
32,25,320,250,0.04977971535815224,135.05429876219424
32,26,320,260,0.04977971535815224,135.05429876219424
32,27,320,270,0.04977971535815224,135.05429876219424
32,28,320,280,0.04977971535815224,135.05429876219424
32,29,320,290,0.04977971535815224,135.05429876219424
32,30,320,300,0.04977971535815224,135.05429876219424
32,31,320,310,0.04977971535815224,135.05429876219424
32,32,320,320,0.04977971535815224,135.05429876219424
32,33,320,330,0.04977971535815224,135.05429876219424
32,34,320,340,0.04977971535815224,135.05429876219424
32,35,320,350,0.04977971535815224,135.05429876219424
33,0,330,0,0.052086246863535246,135.05429876219424
33,1,330,10,0.050389377466214205,135.05429876219424
33,2,330,20,0.050389377466214205,135.05429876219424
33,3,330,30,0.050389377466214205,135.05429876219424
33,4,330,40,0.050389377466214205,135.05429876219424
33,5,330,50,0.050389377466214205,135.05429876219424
33,6,330,60,0.050389377466214205,135.05429876219424
33,7,330,70,0.050389377466214205,135.05429876219424
33,8,330,80,0.050389377466214205,135.05429876219424
33,9,330,90,0.050389377466214205,135.05429876219424
33,10,330,100,0.050389377466214205,135.05429876219424
33,11,330,110,0.050389377466214205,135.05429876219424
33,12,330,120,0.050389377466214205,135.05429876219424
33,13,330,130,0.050389377466214205,135.05429876219424
33,14,330,140,0.050389377466214205,135.05429876219424
33,15,330,150,0.050389377466214205,135.05429876219424
33,16,330,160,0.050389377466214205,135.05429876219424
33,17,330,170,0.050389377466214205,135.05429876219424
33,18,330,180,0.050389377466214205,135.05429876219424
33,19,330,190,0.050389377466214205,135.05429876219424
33,20,330,200,0.050389377466214205,135.05429876219424
33,21,330,210,0.050389377466214205,135.05429876219424
33,22,330,220,0.050389377466214205,135.05429876219424
33,23,330,230,0.050389377466214205,135.05429876219424
33,24,330,240,0.050389377466214205,135.05429876219424
33,25,330,250,0.050389377466214205,135.05429876219424
33,26,330,260,0.050389377466214205,135.05429876219424
33,27,330,270,0.050389377466214205,135.05429876219424
33,28,330,280,0.050389377466214205,135.05429876219424
33,29,330,290,0.050389377466214205,135.05429876219424
33,30,330,300,0.050389377466214205,135.05429876219424
33,31,330,310,0.050389377466214205,135.05429876219424
33,32,330,320,0.050389377466214205,135.05429876219424
33,33,330,330,0.050389377466214205,135.05429876219424
33,34,330,340,0.050389377466214205,135.05429876219424
33,35,330,350,0.050389377466214205,135.05429876219424
34,0,340,0,0.05260974802017805,135.05429876219424
34,1,340,10,0.050956214857442395,135.05429876219424
34,2,340,20,0.050956214857442395,135.05429876219424
34,3,340,30,0.050956214857442395,135.05429876219424
34,4,340,40,0.050956214857442395,135.05429876219424
34,5,340,50,0.050956214857442395,135.05429876219424
34,6,340,60,0.050956214857442395,135.05429876219424
34,7,340,70,0.050956214857442395,135.05429876219424
34,8,340,80,0.050956214857442395,135.05429876219424
34,9,340,90,0.050956214857442395,135.05429876219424
34,10,340,100,0.050956214857442395,135.05429876219424
34,11,340,110,0.050956214857442395,135.05429876219424
34,12,340,120,0.050956214857442395,135.05429876219424
34,13,340,130,0.050956214857442395,135.05429876219424
34,14,340,140,0.050956214857442395,135.05429876219424
34,15,340,150,0.050956214857442395,135.05429876219424
34,16,340,160,0.050956214857442395,135.05429876219424
34,17,340,170,0.050956214857442395,135.05429876219424
34,18,340,180,0.050956214857442395,135.05429876219424
34,19,340,190,0.050956214857442395,135.05429876219424
34,20,340,200,0.050956214857442395,135.05429876219424
34,21,340,210,0.050956214857442395,135.05429876219424
34,22,340,220,0.050956214857442395,135.05429876219424
34,23,340,230,0.050956214857442395,135.05429876219424
34,24,340,240,0.050956214857442395,135.05429876219424
34,25,340,250,0.050956214857442395,135.05429876219424
34,26,340,260,0.050956214857442395,135.05429876219424
34,27,340,270,0.050956214857442395,135.05429876219424
34,28,340,280,0.050956214857442395,135.05429876219424
34,29,340,290,0.050956214857442395,135.05429876219424
34,30,340,300,0.050956214857442395,135.05429876219424
34,31,340,310,0.050956214857442395,135.05429876219424
34,32,340,320,0.050956214857442395,135.05429876219424
34,33,340,330,0.050956214857442395,135.05429876219424
34,34,340,340,0.050956214857442395,135.05429876219424
34,35,340,350,0.050956214857442395,135.05429876219424
35,0,350,0,0.053077066866674516,135.05429876219424
35,1,350,10,0.051465699229389456,135.05429876219424
35,2,350,20,0.051465699229389456,135.05429876219424
35,3,350,30,0.051465699229389456,135.05429876219424
35,4,350,40,0.051465699229389456,135.05429876219424
35,5,350,50,0.051465699229389456,135.05429876219424
35,6,350,60,0.051465699229389456,135.05429876219424
35,7,350,70,0.051465699229389456,135.05429876219424
35,8,350,80,0.051465699229389456,135.05429876219424
35,9,350,90,0.051465699229389456,135.05429876219424
35,10,350,100,0.051465699229389456,135.05429876219424
35,11,350,110,0.051465699229389456,135.05429876219424
35,12,350,120,0.051465699229389456,135.05429876219424
35,13,350,130,0.051465699229389456,135.05429876219424
35,14,350,140,0.051465699229389456,135.05429876219424
35,15,350,150,0.051465699229389456,135.05429876219424
35,16,350,160,0.051465699229389456,135.05429876219424
35,17,350,170,0.051465699229389456,135.05429876219424
35,18,350,180,0.051465699229389456,135.05429876219424
35,19,350,190,0.051465699229389456,135.05429876219424
35,20,350,200,0.051465699229389456,135.05429876219424
35,21,350,210,0.051465699229389456,135.05429876219424
35,22,350,220,0.051465699229389456,135.05429876219424
35,23,350,230,0.051465699229389456,135.05429876219424
35,24,350,240,0.051465699229389456,135.05429876219424
35,25,350,250,0.051465699229389456,135.05429876219424
35,26,350,260,0.051465699229389456,135.05429876219424
35,27,350,270,0.051465699229389456,135.05429876219424
35,28,350,280,0.051465699229389456,135.05429876219424
35,29,350,290,0.051465699229389456,135.05429876219424
35,30,350,300,0.051465699229389456,135.05429876219424
35,31,350,310,0.051465699229389456,135.05429876219424
35,32,350,320,0.051465699229389456,135.05429876219424
35,33,350,330,0.051465699229389456,135.05429876219424
35,34,350,340,0.051465699229389456,135.05429876219424
35,35,350,350,0.051465699229389456,135.05429876219424
